"Date","BTC.USD","SOL.USD","BCH.USD","MATIC.USD","ALGO.USD","LINK.USD","ETH.USD","LTC.USD","ADA.USD","AVAX.USD"
"2020-09-23",NA,NA,NA,NA,NA,NA,NA,NA,NA,NA
"2020-09-24",NA,NA,NA,NA,NA,NA,NA,NA,NA,NA
"2020-09-25",NA,NA,NA,NA,NA,NA,NA,NA,NA,NA
"2020-09-26",NA,NA,NA,NA,NA,NA,NA,NA,NA,NA
"2020-09-27",NA,NA,NA,NA,NA,NA,NA,NA,NA,NA
"2020-09-28",NA,NA,NA,NA,NA,NA,NA,NA,NA,NA
"2020-09-29",NA,NA,NA,NA,NA,NA,NA,NA,NA,NA
"2020-09-30",NA,NA,NA,NA,NA,NA,NA,NA,NA,NA
"2020-10-01",NA,NA,NA,NA,NA,NA,NA,NA,NA,NA
"2020-10-02",NA,NA,NA,NA,NA,NA,NA,NA,NA,NA
"2020-10-03",NA,NA,NA,NA,NA,NA,NA,NA,NA,NA
"2020-10-04",NA,NA,NA,NA,NA,NA,NA,NA,NA,NA
"2020-10-05",NA,NA,NA,NA,NA,NA,NA,NA,NA,NA
"2020-10-06",NA,NA,NA,NA,NA,NA,NA,NA,NA,NA
"2020-10-07",NA,NA,NA,NA,NA,NA,NA,NA,NA,NA
"2020-10-08",NA,NA,NA,NA,NA,NA,NA,NA,NA,NA
"2020-10-09",NA,NA,NA,NA,NA,NA,NA,NA,NA,NA
"2020-10-10",NA,NA,NA,NA,NA,NA,NA,NA,NA,NA
"2020-10-11",NA,NA,NA,NA,NA,NA,NA,NA,NA,NA
"2020-10-12",NA,NA,NA,NA,NA,NA,NA,NA,NA,NA
"2020-10-13",NA,NA,NA,NA,NA,NA,NA,NA,NA,NA
"2020-10-14",NA,NA,NA,NA,NA,NA,NA,NA,NA,NA
"2020-10-15",NA,NA,NA,NA,NA,NA,NA,NA,NA,NA
"2020-10-16",NA,NA,NA,NA,NA,NA,NA,NA,NA,NA
"2020-10-17",NA,NA,NA,NA,NA,NA,NA,NA,NA,NA
"2020-10-18",NA,NA,NA,NA,NA,NA,NA,NA,NA,NA
"2020-10-19",NA,NA,NA,NA,NA,NA,NA,NA,NA,NA
"2020-10-20",NA,NA,NA,NA,NA,NA,NA,NA,NA,NA
"2020-10-21",NA,NA,NA,NA,NA,NA,NA,NA,NA,NA
"2020-10-22",NA,NA,NA,NA,NA,NA,NA,NA,NA,NA
"2020-10-23",NA,NA,NA,NA,NA,NA,NA,NA,NA,NA
"2020-10-24",NA,NA,NA,NA,NA,NA,NA,NA,NA,NA
"2020-10-25",NA,NA,NA,NA,NA,NA,NA,NA,NA,NA
"2020-10-26",NA,NA,NA,NA,NA,NA,NA,NA,NA,NA
"2020-10-27",NA,NA,NA,NA,NA,NA,NA,NA,NA,NA
"2020-10-28",NA,NA,NA,NA,NA,NA,NA,NA,NA,NA
"2020-10-29",NA,NA,NA,NA,NA,NA,NA,NA,NA,NA
"2020-10-30",NA,NA,NA,NA,NA,NA,NA,NA,NA,NA
"2020-10-31",NA,NA,NA,NA,NA,NA,NA,NA,NA,NA
"2020-11-01",NA,NA,NA,NA,NA,NA,NA,NA,NA,NA
"2020-11-02",NA,NA,NA,NA,NA,NA,NA,NA,NA,NA
"2020-11-03",NA,NA,NA,NA,NA,NA,NA,NA,NA,NA
"2020-11-04",NA,NA,NA,NA,NA,NA,NA,NA,NA,NA
"2020-11-05",NA,NA,NA,NA,NA,NA,NA,NA,NA,NA
"2020-11-06",NA,NA,NA,NA,NA,NA,NA,NA,NA,NA
"2020-11-07",NA,NA,NA,NA,NA,NA,NA,NA,NA,NA
"2020-11-08",NA,NA,NA,NA,NA,NA,NA,NA,NA,NA
"2020-11-09",NA,NA,NA,NA,NA,NA,NA,NA,NA,NA
"2020-11-10",NA,NA,NA,NA,NA,NA,NA,NA,NA,NA
"2020-11-11",NA,NA,NA,NA,NA,NA,NA,NA,NA,NA
"2020-11-12",NA,NA,NA,NA,NA,NA,NA,NA,NA,NA
"2020-11-13",NA,NA,NA,NA,NA,NA,NA,NA,NA,NA
"2020-11-14",NA,NA,NA,NA,NA,NA,NA,NA,NA,NA
"2020-11-15",NA,NA,NA,NA,NA,NA,NA,NA,NA,NA
"2020-11-16",NA,NA,NA,NA,NA,NA,NA,NA,NA,NA
"2020-11-17",NA,NA,NA,NA,NA,NA,NA,NA,NA,NA
"2020-11-18",NA,NA,NA,NA,NA,NA,NA,NA,NA,NA
"2020-11-19",NA,NA,NA,NA,NA,NA,NA,NA,NA,NA
"2020-11-20",NA,NA,NA,NA,NA,NA,NA,NA,NA,NA
"2020-11-21",NA,NA,NA,NA,NA,NA,NA,NA,NA,NA
"2020-11-22",NA,NA,NA,NA,NA,NA,NA,NA,NA,NA
"2020-11-23",NA,NA,NA,NA,NA,NA,NA,NA,NA,NA
"2020-11-24",NA,NA,NA,NA,NA,NA,NA,NA,NA,NA
"2020-11-25",NA,NA,NA,NA,NA,NA,NA,NA,NA,NA
"2020-11-26",NA,NA,NA,NA,NA,NA,NA,NA,NA,NA
"2020-11-27",NA,NA,NA,NA,NA,NA,NA,NA,NA,NA
"2020-11-28",NA,NA,NA,NA,NA,NA,NA,NA,NA,NA
"2020-11-29",NA,NA,NA,NA,NA,NA,NA,NA,NA,NA
"2020-11-30",NA,NA,NA,NA,NA,NA,NA,NA,NA,NA
"2020-12-01",NA,NA,NA,NA,NA,NA,NA,NA,NA,NA
"2020-12-02",NA,NA,NA,NA,NA,NA,NA,NA,NA,NA
"2020-12-03",NA,NA,NA,NA,NA,NA,NA,NA,NA,NA
"2020-12-04",NA,NA,NA,NA,NA,NA,NA,NA,NA,NA
"2020-12-05",NA,NA,NA,NA,NA,NA,NA,NA,NA,NA
"2020-12-06",NA,NA,NA,NA,NA,NA,NA,NA,NA,NA
"2020-12-07",NA,NA,NA,NA,NA,NA,NA,NA,NA,NA
"2020-12-08",NA,NA,NA,NA,NA,NA,NA,NA,NA,NA
"2020-12-09",NA,NA,NA,NA,NA,NA,NA,NA,NA,NA
"2020-12-10",NA,NA,NA,NA,NA,NA,NA,NA,NA,NA
"2020-12-11",NA,NA,NA,NA,NA,NA,NA,NA,NA,NA
"2020-12-12",NA,NA,NA,NA,NA,NA,NA,NA,NA,NA
"2020-12-13",NA,NA,NA,NA,NA,NA,NA,NA,NA,NA
"2020-12-14",NA,NA,NA,NA,NA,NA,NA,NA,NA,NA
"2020-12-15",NA,NA,NA,NA,NA,NA,NA,NA,NA,NA
"2020-12-16",NA,NA,NA,NA,NA,NA,NA,NA,NA,NA
"2020-12-17",NA,NA,NA,NA,NA,NA,NA,NA,NA,NA
"2020-12-18",NA,NA,NA,NA,NA,NA,NA,NA,NA,NA
"2020-12-19",NA,NA,NA,NA,NA,NA,NA,NA,NA,NA
"2020-12-20",NA,NA,NA,NA,NA,NA,NA,NA,NA,NA
"2020-12-21",NA,NA,NA,NA,NA,NA,NA,NA,NA,NA
"2020-12-22",NA,NA,NA,NA,NA,NA,NA,NA,NA,NA
"2020-12-23",NA,NA,NA,NA,NA,NA,NA,NA,NA,NA
"2020-12-24",NA,NA,NA,NA,NA,NA,NA,NA,NA,NA
"2020-12-25",NA,NA,NA,NA,NA,NA,NA,NA,NA,NA
"2020-12-26",NA,NA,NA,NA,NA,NA,NA,NA,NA,NA
"2020-12-27",NA,NA,NA,NA,NA,NA,NA,NA,NA,NA
"2020-12-28",NA,NA,NA,NA,NA,NA,NA,NA,NA,NA
"2020-12-29",NA,NA,NA,NA,NA,NA,NA,NA,NA,NA
"2020-12-30",NA,NA,NA,NA,NA,NA,NA,NA,NA,NA
"2020-12-31",NA,NA,NA,NA,NA,NA,NA,NA,NA,NA
"2021-01-01",NA,NA,NA,NA,NA,NA,NA,NA,NA,NA
"2021-01-02",NA,NA,NA,NA,NA,NA,NA,NA,NA,NA
"2021-01-03",NA,NA,NA,NA,NA,NA,NA,NA,NA,NA
"2021-01-04",NA,NA,NA,NA,NA,NA,NA,NA,NA,NA
"2021-01-05",NA,NA,NA,NA,NA,NA,NA,NA,NA,NA
"2021-01-06",NA,NA,NA,NA,NA,NA,NA,NA,NA,NA
"2021-01-07",NA,NA,NA,NA,NA,NA,NA,NA,NA,NA
"2021-01-08",NA,NA,NA,NA,NA,NA,NA,NA,NA,NA
"2021-01-09",NA,NA,NA,NA,NA,NA,NA,NA,NA,NA
"2021-01-10",NA,NA,NA,NA,NA,NA,NA,NA,NA,NA
"2021-01-11",NA,NA,NA,NA,NA,NA,NA,NA,NA,NA
"2021-01-12",NA,NA,NA,NA,NA,NA,NA,NA,NA,NA
"2021-01-13",NA,NA,NA,NA,NA,NA,NA,NA,NA,NA
"2021-01-14",NA,NA,NA,NA,NA,NA,NA,NA,NA,NA
"2021-01-15",NA,NA,NA,NA,NA,NA,NA,NA,NA,NA
"2021-01-16",NA,NA,NA,NA,NA,NA,NA,NA,NA,NA
"2021-01-17",NA,NA,NA,NA,NA,NA,NA,NA,NA,NA
"2021-01-18",NA,NA,NA,NA,NA,NA,NA,NA,NA,NA
"2021-01-19",NA,NA,NA,NA,NA,NA,NA,NA,NA,NA
"2021-01-20",NA,NA,NA,NA,NA,NA,NA,NA,NA,NA
"2021-01-21",NA,NA,NA,NA,NA,NA,NA,NA,NA,NA
"2021-01-22",NA,NA,NA,NA,NA,NA,NA,NA,NA,NA
"2021-01-23",NA,NA,NA,NA,NA,NA,NA,NA,NA,NA
"2021-01-24",NA,NA,NA,NA,NA,NA,NA,NA,NA,NA
"2021-01-25",NA,NA,NA,NA,NA,NA,NA,NA,NA,NA
"2021-01-26",NA,NA,NA,NA,NA,NA,NA,NA,NA,NA
"2021-01-27",NA,NA,NA,NA,NA,NA,NA,NA,NA,NA
"2021-01-28",NA,NA,NA,NA,NA,NA,NA,NA,NA,NA
"2021-01-29",NA,NA,NA,NA,NA,NA,NA,NA,NA,NA
"2021-01-30",NA,NA,NA,NA,NA,NA,NA,NA,NA,NA
"2021-01-31",NA,NA,NA,NA,NA,NA,NA,NA,NA,NA
"2021-02-01",NA,NA,NA,NA,NA,NA,NA,NA,NA,NA
"2021-02-02",NA,NA,NA,NA,NA,NA,NA,NA,NA,NA
"2021-02-03",NA,NA,NA,NA,NA,NA,NA,NA,NA,NA
"2021-02-04",NA,NA,NA,NA,NA,NA,NA,NA,NA,NA
"2021-02-05",NA,NA,NA,NA,NA,NA,NA,NA,NA,NA
"2021-02-06",NA,NA,NA,NA,NA,NA,NA,NA,NA,NA
"2021-02-07",NA,NA,NA,NA,NA,NA,NA,NA,NA,NA
"2021-02-08",NA,NA,NA,NA,NA,NA,NA,NA,NA,NA
"2021-02-09",NA,NA,NA,NA,NA,NA,NA,NA,NA,NA
"2021-02-10",NA,NA,NA,NA,NA,NA,NA,NA,NA,NA
"2021-02-11",NA,NA,NA,NA,NA,NA,NA,NA,NA,NA
"2021-02-12",NA,NA,NA,NA,NA,NA,NA,NA,NA,NA
"2021-02-13",NA,NA,NA,NA,NA,NA,NA,NA,NA,NA
"2021-02-14",NA,NA,NA,NA,NA,NA,NA,NA,NA,NA
"2021-02-15",NA,NA,NA,NA,NA,NA,NA,NA,NA,NA
"2021-02-16",NA,NA,NA,NA,NA,NA,NA,NA,NA,NA
"2021-02-17",NA,NA,NA,NA,NA,NA,NA,NA,NA,NA
"2021-02-18",NA,NA,NA,NA,NA,NA,NA,NA,NA,NA
"2021-02-19",NA,NA,NA,NA,NA,NA,NA,NA,NA,NA
"2021-02-20",NA,NA,NA,NA,NA,NA,NA,NA,NA,NA
"2021-02-21",NA,NA,NA,NA,NA,NA,NA,NA,NA,NA
"2021-02-22",NA,NA,NA,NA,NA,NA,NA,NA,NA,NA
"2021-02-23",NA,NA,NA,NA,NA,NA,NA,NA,NA,NA
"2021-02-24",NA,NA,NA,NA,NA,NA,NA,NA,NA,NA
"2021-02-25",NA,NA,NA,NA,NA,NA,NA,NA,NA,NA
"2021-02-26",NA,NA,NA,NA,NA,NA,NA,NA,NA,NA
"2021-02-27",NA,NA,NA,NA,NA,NA,NA,NA,NA,NA
"2021-02-28",NA,NA,NA,NA,NA,NA,NA,NA,NA,NA
"2021-03-01",NA,NA,NA,NA,NA,NA,NA,NA,NA,NA
"2021-03-02",NA,NA,NA,NA,NA,NA,NA,NA,NA,NA
"2021-03-03",NA,NA,NA,NA,NA,NA,NA,NA,NA,NA
"2021-03-04",NA,NA,NA,NA,NA,NA,NA,NA,NA,NA
"2021-03-05",NA,NA,NA,NA,NA,NA,NA,NA,NA,NA
"2021-03-06",NA,NA,NA,NA,NA,NA,NA,NA,NA,NA
"2021-03-07",NA,NA,NA,NA,NA,NA,NA,NA,NA,NA
"2021-03-08",NA,NA,NA,NA,NA,NA,NA,NA,NA,NA
"2021-03-09",NA,NA,NA,NA,NA,NA,NA,NA,NA,NA
"2021-03-10",NA,NA,NA,NA,NA,NA,NA,NA,NA,NA
"2021-03-11",NA,NA,NA,NA,NA,NA,NA,NA,NA,NA
"2021-03-12",NA,NA,NA,NA,NA,NA,NA,NA,NA,NA
"2021-03-13",NA,NA,NA,NA,NA,NA,NA,NA,NA,NA
"2021-03-14",NA,NA,NA,NA,NA,NA,NA,NA,NA,NA
"2021-03-15",NA,NA,NA,NA,NA,NA,NA,NA,NA,NA
"2021-03-16",NA,NA,NA,NA,NA,NA,NA,NA,NA,NA
"2021-03-17",NA,NA,NA,NA,NA,NA,NA,NA,NA,NA
"2021-03-18",NA,NA,NA,NA,NA,NA,NA,NA,NA,NA
"2021-03-19",NA,NA,NA,NA,NA,NA,NA,NA,NA,NA
"2021-03-20",NA,NA,NA,NA,NA,NA,NA,NA,NA,NA
"2021-03-21",NA,NA,NA,NA,NA,NA,NA,NA,NA,NA
"2021-03-22",NA,NA,NA,NA,NA,NA,NA,NA,NA,NA
"2021-03-23",NA,NA,NA,NA,NA,NA,NA,NA,NA,NA
"2021-03-24",NA,NA,NA,NA,NA,NA,NA,NA,NA,NA
"2021-03-25",NA,NA,NA,NA,NA,NA,NA,NA,NA,NA
"2021-03-26",NA,NA,NA,NA,NA,NA,NA,NA,NA,NA
"2021-03-27",NA,NA,NA,NA,NA,NA,NA,NA,NA,NA
"2021-03-28",NA,NA,NA,NA,NA,NA,NA,NA,NA,NA
"2021-03-29",NA,NA,NA,NA,NA,NA,NA,NA,NA,NA
"2021-03-30",NA,NA,NA,NA,NA,NA,NA,NA,NA,NA
"2021-03-31",NA,NA,NA,NA,NA,NA,NA,NA,NA,NA
"2021-04-01",NA,NA,NA,NA,NA,NA,NA,NA,NA,NA
"2021-04-02",NA,NA,NA,NA,NA,NA,NA,NA,NA,NA
"2021-04-03",NA,NA,NA,NA,NA,NA,NA,NA,NA,NA
"2021-04-04",NA,NA,NA,NA,NA,NA,NA,NA,NA,NA
"2021-04-05",NA,NA,NA,NA,NA,NA,NA,NA,NA,NA
"2021-04-06",NA,NA,NA,NA,NA,NA,NA,NA,NA,NA
"2021-04-07",NA,NA,NA,NA,NA,NA,NA,NA,NA,NA
"2021-04-08",NA,NA,NA,NA,NA,NA,NA,NA,NA,NA
"2021-04-09",NA,NA,NA,NA,NA,NA,NA,NA,NA,NA
"2021-04-10",NA,NA,NA,NA,NA,NA,NA,NA,NA,NA
"2021-04-11",NA,NA,NA,NA,NA,NA,NA,NA,NA,NA
"2021-04-12",NA,NA,NA,NA,NA,NA,NA,NA,NA,NA
"2021-04-13",NA,NA,NA,NA,NA,NA,NA,NA,NA,NA
"2021-04-14",NA,NA,NA,NA,NA,NA,NA,NA,NA,NA
"2021-04-15",NA,NA,NA,NA,NA,NA,NA,NA,NA,NA
"2021-04-16",NA,NA,NA,NA,NA,NA,NA,NA,NA,NA
"2021-04-17",NA,NA,NA,NA,NA,NA,NA,NA,NA,NA
"2021-04-18",NA,NA,NA,NA,NA,NA,NA,NA,NA,NA
"2021-04-19",NA,NA,NA,NA,NA,NA,NA,NA,NA,NA
"2021-04-20",NA,NA,NA,NA,NA,NA,NA,NA,NA,NA
"2021-04-21",NA,NA,NA,NA,NA,NA,NA,NA,NA,NA
"2021-04-22",NA,NA,NA,NA,NA,NA,NA,NA,NA,NA
"2021-04-23",NA,NA,NA,NA,NA,NA,NA,NA,NA,NA
"2021-04-24",NA,NA,NA,NA,NA,NA,NA,NA,NA,NA
"2021-04-25",NA,NA,NA,NA,NA,NA,NA,NA,NA,NA
"2021-04-26",NA,NA,NA,NA,NA,NA,NA,NA,NA,NA
"2021-04-27",NA,NA,NA,NA,NA,NA,NA,NA,NA,NA
"2021-04-28",NA,NA,NA,NA,NA,NA,NA,NA,NA,NA
"2021-04-29",NA,NA,NA,NA,NA,NA,NA,NA,NA,NA
"2021-04-30",NA,NA,NA,NA,NA,NA,NA,NA,NA,NA
"2021-05-01",NA,NA,NA,NA,NA,NA,NA,NA,NA,NA
"2021-05-02",NA,NA,NA,NA,NA,NA,NA,NA,NA,NA
"2021-05-03",NA,NA,NA,NA,NA,NA,NA,NA,NA,NA
"2021-05-04",NA,NA,NA,NA,NA,NA,NA,NA,NA,NA
"2021-05-05",NA,NA,NA,NA,NA,NA,NA,NA,NA,NA
"2021-05-06",NA,NA,NA,NA,NA,NA,NA,NA,NA,NA
"2021-05-07",NA,NA,NA,NA,NA,NA,NA,NA,NA,NA
"2021-05-08",NA,NA,NA,NA,NA,NA,NA,NA,NA,NA
"2021-05-09",NA,NA,NA,NA,NA,NA,NA,NA,NA,NA
"2021-05-10",NA,NA,NA,NA,NA,NA,NA,NA,NA,NA
"2021-05-11",NA,NA,NA,NA,NA,NA,NA,NA,NA,NA
"2021-05-12",NA,NA,NA,NA,NA,NA,NA,NA,NA,NA
"2021-05-13",NA,NA,NA,NA,NA,NA,NA,NA,NA,NA
"2021-05-14",NA,NA,NA,NA,NA,NA,NA,NA,NA,NA
"2021-05-15",NA,NA,NA,NA,NA,NA,NA,NA,NA,NA
"2021-05-16",NA,NA,NA,NA,NA,NA,NA,NA,NA,NA
"2021-05-17",NA,NA,NA,NA,NA,NA,NA,NA,NA,NA
"2021-05-18",NA,NA,NA,NA,NA,NA,NA,NA,NA,NA
"2021-05-19",NA,NA,NA,NA,NA,NA,NA,NA,NA,NA
"2021-05-20",NA,NA,NA,NA,NA,NA,NA,NA,NA,NA
"2021-05-21",NA,NA,NA,NA,NA,NA,NA,NA,NA,NA
"2021-05-22",NA,NA,NA,NA,NA,NA,NA,NA,NA,NA
"2021-05-23",NA,NA,NA,NA,NA,NA,NA,NA,NA,NA
"2021-05-24",NA,NA,NA,NA,NA,NA,NA,NA,NA,NA
"2021-05-25",NA,NA,NA,NA,NA,NA,NA,NA,NA,NA
"2021-05-26",NA,NA,NA,NA,NA,NA,NA,NA,NA,NA
"2021-05-27",NA,NA,NA,NA,NA,NA,NA,NA,NA,NA
"2021-05-28",NA,NA,NA,NA,NA,NA,NA,NA,NA,NA
"2021-05-29",NA,NA,NA,NA,NA,NA,NA,NA,NA,NA
"2021-05-30",NA,NA,NA,NA,NA,NA,NA,NA,NA,NA
"2021-05-31",NA,NA,NA,NA,NA,NA,NA,NA,NA,NA
"2021-06-01",NA,NA,NA,NA,NA,NA,NA,NA,NA,NA
"2021-06-02",NA,NA,NA,NA,NA,NA,NA,NA,NA,NA
"2021-06-03",NA,NA,NA,NA,NA,NA,NA,NA,NA,NA
"2021-06-04",NA,NA,NA,NA,NA,NA,NA,NA,NA,NA
"2021-06-05",NA,NA,NA,NA,NA,NA,NA,NA,NA,NA
"2021-06-06",NA,NA,NA,NA,NA,NA,NA,NA,NA,NA
"2021-06-07",NA,NA,NA,NA,NA,NA,NA,NA,NA,NA
"2021-06-08",NA,NA,NA,NA,NA,NA,NA,NA,NA,NA
"2021-06-09",NA,NA,NA,NA,NA,NA,NA,NA,NA,NA
"2021-06-10",NA,NA,NA,NA,NA,NA,NA,NA,NA,NA
"2021-06-11",NA,NA,NA,NA,NA,NA,NA,NA,NA,NA
"2021-06-12",NA,NA,NA,NA,NA,NA,NA,NA,NA,NA
"2021-06-13",NA,NA,NA,NA,NA,NA,NA,NA,NA,NA
"2021-06-14",NA,NA,NA,NA,NA,NA,NA,NA,NA,NA
"2021-06-15",NA,NA,NA,NA,NA,NA,NA,NA,NA,NA
"2021-06-16",NA,NA,NA,NA,NA,NA,NA,NA,NA,NA
"2021-06-17",NA,NA,NA,NA,NA,NA,NA,NA,NA,NA
"2021-06-18",NA,NA,NA,NA,NA,NA,NA,NA,NA,NA
"2021-06-19",NA,NA,NA,NA,NA,NA,NA,NA,NA,NA
"2021-06-20",NA,NA,NA,NA,NA,NA,NA,NA,NA,NA
"2021-06-21",NA,NA,NA,NA,NA,NA,NA,NA,NA,NA
"2021-06-22",NA,NA,NA,NA,NA,NA,NA,NA,NA,NA
"2021-06-23",NA,NA,NA,NA,NA,NA,NA,NA,NA,NA
"2021-06-24",NA,NA,NA,NA,NA,NA,NA,NA,NA,NA
"2021-06-25",NA,NA,NA,NA,NA,NA,NA,NA,NA,NA
"2021-06-26",NA,NA,NA,NA,NA,NA,NA,NA,NA,NA
"2021-06-27",NA,NA,NA,NA,NA,NA,NA,NA,NA,NA
"2021-06-28",NA,NA,NA,NA,NA,NA,NA,NA,NA,NA
"2021-06-29",NA,NA,NA,NA,NA,NA,NA,NA,NA,NA
"2021-06-30",NA,NA,NA,NA,NA,NA,NA,NA,NA,NA
"2021-07-01",NA,NA,NA,NA,NA,NA,NA,NA,NA,NA
"2021-07-02",NA,NA,NA,NA,NA,NA,NA,NA,NA,NA
"2021-07-03",NA,NA,NA,NA,NA,NA,NA,NA,NA,NA
"2021-07-04",NA,NA,NA,NA,NA,NA,NA,NA,NA,NA
"2021-07-05",NA,NA,NA,NA,NA,NA,NA,NA,NA,NA
"2021-07-06",NA,NA,NA,NA,NA,NA,NA,NA,NA,NA
"2021-07-07",NA,NA,NA,NA,NA,NA,NA,NA,NA,NA
"2021-07-08",NA,NA,NA,NA,NA,NA,NA,NA,NA,NA
"2021-07-09",NA,NA,NA,NA,NA,NA,NA,NA,NA,NA
"2021-07-10",NA,NA,NA,NA,NA,NA,NA,NA,NA,NA
"2021-07-11",NA,NA,NA,NA,NA,NA,NA,NA,NA,NA
"2021-07-12",NA,NA,NA,NA,NA,NA,NA,NA,NA,NA
"2021-07-13",NA,NA,NA,NA,NA,NA,NA,NA,NA,NA
"2021-07-14",NA,NA,NA,NA,NA,NA,NA,NA,NA,NA
"2021-07-15",NA,NA,NA,NA,NA,NA,NA,NA,NA,NA
"2021-07-16",NA,NA,NA,NA,NA,NA,NA,NA,NA,NA
"2021-07-17",NA,NA,NA,NA,NA,NA,NA,NA,NA,NA
"2021-07-18",NA,NA,NA,NA,NA,NA,NA,NA,NA,NA
"2021-07-19",NA,NA,NA,NA,NA,NA,NA,NA,NA,NA
"2021-07-20",NA,NA,NA,NA,NA,NA,NA,NA,NA,NA
"2021-07-21",NA,NA,NA,NA,NA,NA,NA,NA,NA,NA
"2021-07-22",NA,NA,NA,NA,NA,NA,NA,NA,NA,NA
"2021-07-23",NA,NA,NA,NA,NA,NA,NA,NA,NA,NA
"2021-07-24",NA,NA,NA,NA,NA,NA,NA,NA,NA,NA
"2021-07-25",NA,NA,NA,NA,NA,NA,NA,NA,NA,NA
"2021-07-26",NA,NA,NA,NA,NA,NA,NA,NA,NA,NA
"2021-07-27",NA,NA,NA,NA,NA,NA,NA,NA,NA,NA
"2021-07-28",NA,NA,NA,NA,NA,NA,NA,NA,NA,NA
"2021-07-29",NA,NA,NA,NA,NA,NA,NA,NA,NA,NA
"2021-07-30",NA,NA,NA,NA,NA,NA,NA,NA,NA,NA
"2021-07-31",NA,NA,NA,NA,NA,NA,NA,NA,NA,NA
"2021-08-01",NA,NA,NA,NA,NA,NA,NA,NA,NA,NA
"2021-08-02",NA,NA,NA,NA,NA,NA,NA,NA,NA,NA
"2021-08-03",NA,NA,NA,NA,NA,NA,NA,NA,NA,NA
"2021-08-04",NA,NA,NA,NA,NA,NA,NA,NA,NA,NA
"2021-08-05",NA,NA,NA,NA,NA,NA,NA,NA,NA,NA
"2021-08-06",NA,NA,NA,NA,NA,NA,NA,NA,NA,NA
"2021-08-07",NA,NA,NA,NA,NA,NA,NA,NA,NA,NA
"2021-08-08",NA,NA,NA,NA,NA,NA,NA,NA,NA,NA
"2021-08-09",NA,NA,NA,NA,NA,NA,NA,NA,NA,NA
"2021-08-10",NA,NA,NA,NA,NA,NA,NA,NA,NA,NA
"2021-08-11",NA,NA,NA,NA,NA,NA,NA,NA,NA,NA
"2021-08-12",NA,NA,NA,NA,NA,NA,NA,NA,NA,NA
"2021-08-13",NA,NA,NA,NA,NA,NA,NA,NA,NA,NA
"2021-08-14",NA,NA,NA,NA,NA,NA,NA,NA,NA,NA
"2021-08-15",NA,NA,NA,NA,NA,NA,NA,NA,NA,NA
"2021-08-16",NA,NA,NA,NA,NA,NA,NA,NA,NA,NA
"2021-08-17",NA,NA,NA,NA,NA,NA,NA,NA,NA,NA
"2021-08-18",NA,NA,NA,NA,NA,NA,NA,NA,NA,NA
"2021-08-19",NA,NA,NA,NA,NA,NA,NA,NA,NA,NA
"2021-08-20",NA,NA,NA,NA,NA,NA,NA,NA,NA,NA
"2021-08-21",NA,NA,NA,NA,NA,NA,NA,NA,NA,NA
"2021-08-22",NA,NA,NA,NA,NA,NA,NA,NA,NA,NA
"2021-08-23",NA,NA,NA,NA,NA,NA,NA,NA,NA,NA
"2021-08-24",NA,NA,NA,NA,NA,NA,NA,NA,NA,NA
"2021-08-25",NA,NA,NA,NA,NA,NA,NA,NA,NA,NA
"2021-08-26",NA,NA,NA,NA,NA,NA,NA,NA,NA,NA
"2021-08-27",NA,NA,NA,NA,NA,NA,NA,NA,NA,NA
"2021-08-28",NA,NA,NA,NA,NA,NA,NA,NA,NA,NA
"2021-08-29",NA,NA,NA,NA,NA,NA,NA,NA,NA,NA
"2021-08-30",NA,NA,NA,NA,NA,NA,NA,NA,NA,NA
"2021-08-31",NA,NA,NA,NA,NA,NA,NA,NA,NA,NA
"2021-09-01",NA,NA,NA,NA,NA,NA,NA,NA,NA,NA
"2021-09-02",NA,NA,NA,NA,NA,NA,NA,NA,NA,NA
"2021-09-03",NA,NA,NA,NA,NA,NA,NA,NA,NA,NA
"2021-09-04",NA,NA,NA,NA,NA,NA,NA,NA,NA,NA
"2021-09-05",NA,NA,NA,NA,NA,NA,NA,NA,NA,NA
"2021-09-06",NA,NA,NA,NA,NA,NA,NA,NA,NA,NA
"2021-09-07",NA,NA,NA,NA,NA,NA,NA,NA,NA,NA
"2021-09-08",NA,NA,NA,NA,NA,NA,NA,NA,NA,NA
"2021-09-09",NA,NA,NA,NA,NA,NA,NA,NA,NA,NA
"2021-09-10",NA,NA,NA,NA,NA,NA,NA,NA,NA,NA
"2021-09-11",NA,NA,NA,NA,NA,NA,NA,NA,NA,NA
"2021-09-12",NA,NA,NA,NA,NA,NA,NA,NA,NA,NA
"2021-09-13",NA,NA,NA,NA,NA,NA,NA,NA,NA,NA
"2021-09-14",NA,NA,NA,NA,NA,NA,NA,NA,NA,NA
"2021-09-15",NA,NA,NA,NA,NA,NA,NA,NA,NA,NA
"2021-09-16",NA,NA,NA,NA,NA,NA,NA,NA,NA,NA
"2021-09-17",NA,NA,NA,NA,NA,NA,NA,NA,NA,NA
"2021-09-18",NA,NA,NA,NA,NA,NA,NA,NA,NA,NA
"2021-09-19",NA,NA,NA,NA,NA,NA,NA,NA,NA,NA
"2021-09-20",NA,NA,NA,NA,NA,NA,NA,NA,NA,NA
"2021-09-21",NA,NA,NA,NA,NA,NA,NA,NA,NA,NA
"2021-09-22",NA,NA,NA,NA,NA,NA,NA,NA,NA,NA
"2021-09-23",NA,NA,NA,NA,NA,NA,NA,NA,NA,NA
"2021-09-24",NA,NA,NA,NA,NA,NA,NA,NA,NA,NA
"2021-09-25",NA,NA,NA,NA,NA,NA,NA,NA,NA,NA
"2021-09-26",40,90,10,100,50,20,60,30,80,70
"2021-09-27",40,90,10,100,50,20,60,30,80,70
"2021-09-28",40,90,10,100,50,20,60,30,80,70
"2021-09-29",40,90,10,100,50,20,60,30,80,70
"2021-09-30",40,90,10,100,50,20,60,30,80,70
"2021-10-01",40,90,10,100,50,20,60,30,80,70
"2021-10-02",40,90,10,100,50,20,60,30,80,70
"2021-10-03",40,90,10,100,50,20,60,30,80,70
"2021-10-04",40,90,10,100,50,20,60,30,80,70
"2021-10-05",40,90,10,100,50,20,60,30,80,70
"2021-10-06",40,90,10,100,50,20,60,30,80,70
"2021-10-07",40,90,10,100,50,20,60,30,80,70
"2021-10-08",40,90,10,100,50,20,60,30,80,70
"2021-10-09",40,90,10,100,50,20,60,30,80,70
"2021-10-10",40,90,20,100,50,10,60,30,80,70
"2021-10-11",40,90,20,100,50,10,60,30,80,70
"2021-10-12",40,90,20,100,50,10,60,30,80,70
"2021-10-13",40,90,20,100,50,10,60,30,80,70
"2021-10-14",40,90,10,100,50,20,60,30,80,70
"2021-10-15",40,90,10,100,50,20,60,30,80,70
"2021-10-16",40,90,10,100,50,20,60,30,80,70
"2021-10-17",40,90,10,100,50,20,60,30,80,70
"2021-10-18",40,90,20,100,50,10,60,30,80,70
"2021-10-19",40,90,20,100,50,10,60,30,80,70
"2021-10-20",40,90,10,100,50,20,60,30,80,70
"2021-10-21",40,100,10,90,50,20,60,30,80,70
"2021-10-22",40,100,10,90,50,20,60,30,80,70
"2021-10-23",40,100,10,90,50,20,60,30,80,70
"2021-10-24",40,100,10,90,50,20,60,30,80,70
"2021-10-25",40,100,10,90,50,20,60,30,80,70
"2021-10-26",40,100,10,90,50,20,60,30,80,70
"2021-10-27",40,90,10,100,50,20,60,30,80,70
"2021-10-28",40,90,10,100,50,20,60,30,80,70
"2021-10-29",40,90,10,100,50,20,60,30,80,70
"2021-10-30",40,100,10,90,50,20,60,30,80,70
"2021-10-31",40,90,10,100,50,20,60,30,80,70
"2021-11-01",40,90,10,100,50,20,60,30,80,70
"2021-11-02",40,100,10,90,50,20,60,30,80,70
"2021-11-03",40,100,10,90,50,20,60,30,70,80
"2021-11-04",40,100,10,90,50,20,60,30,70,80
"2021-11-05",40,100,10,90,50,20,60,30,70,80
"2021-11-06",40,100,10,90,50,20,60,30,70,80
"2021-11-07",40,90,10,100,50,20,60,30,70,80
"2021-11-08",40,90,10,100,50,20,60,30,70,80
"2021-11-09",30,100,20,90,50,10,60,40,70,80
"2021-11-10",30,100,10,90,50,20,60,40,70,80
"2021-11-11",30,100,10,90,50,20,60,40,70,80
"2021-11-12",30,100,10,90,50,20,60,40,70,80
"2021-11-13",40,100,10,90,50,20,60,30,70,80
"2021-11-14",30,100,10,90,50,20,60,40,70,80
"2021-11-15",30,100,20,90,50,10,60,40,70,80
"2021-11-16",40,100,20,90,50,10,60,30,70,80
"2021-11-17",40,100,20,90,50,10,60,30,70,80
"2021-11-18",40,100,20,90,50,10,60,30,70,80
"2021-11-19",40,100,20,90,50,10,60,30,70,80
"2021-11-20",40,100,20,90,50,10,60,30,70,80
"2021-11-21",40,100,20,90,50,10,60,30,70,80
"2021-11-22",40,100,20,90,50,10,60,30,70,80
"2021-11-23",40,100,20,90,50,10,60,30,70,80
"2021-11-24",40,100,10,90,50,20,60,30,70,80
"2021-11-25",40,100,20,90,50,10,60,30,70,80
"2021-11-26",40,100,20,90,50,10,60,30,70,80
"2021-11-27",40,100,20,90,50,10,60,30,70,80
"2021-11-28",40,100,20,90,50,10,60,30,70,80
"2021-11-29",40,100,20,90,50,10,60,30,70,80
"2021-11-30",40,100,20,90,50,10,60,30,70,80
"2021-12-01",40,100,20,90,50,10,60,30,70,80
"2021-12-02",40,100,20,90,50,10,60,30,70,80
"2021-12-03",40,90,20,100,50,10,60,30,70,80
"2021-12-04",40,100,20,90,50,10,60,30,70,80
"2021-12-05",40,90,20,100,50,10,60,30,70,80
"2021-12-06",40,90,20,100,50,10,60,30,70,80
"2021-12-07",40,90,20,100,50,10,60,30,70,80
"2021-12-08",40,90,10,100,50,20,60,30,70,80
"2021-12-09",40,90,20,100,50,10,60,30,70,80
"2021-12-10",40,90,20,100,50,10,60,30,70,80
"2021-12-11",40,90,20,100,50,10,60,30,70,80
"2021-12-12",40,90,20,100,50,10,60,30,70,80
"2021-12-13",40,90,20,100,50,10,60,30,70,80
"2021-12-14",40,90,20,100,50,10,60,30,70,80
"2021-12-15",40,90,20,100,50,10,60,30,70,80
"2021-12-16",40,90,20,100,50,10,60,30,70,80
"2021-12-17",40,90,20,100,50,10,60,30,70,80
"2021-12-18",40,90,20,100,50,30,60,10,70,80
"2021-12-19",40,90,20,100,50,30,60,10,70,80
"2021-12-20",40,100,10,90,50,30,60,20,70,80
"2021-12-21",40,90,10,100,50,30,60,20,70,80
"2021-12-22",40,90,10,100,50,30,60,20,70,80
"2021-12-23",40,90,20,100,50,30,60,10,70,80
"2021-12-24",40,90,20,100,50,30,60,10,70,80
"2021-12-25",40,90,20,100,50,30,60,10,70,80
"2021-12-26",30,100,20,90,50,40,60,10,70,80
"2021-12-27",40,100,20,90,50,30,60,10,70,80
"2021-12-28",40,90,20,100,50,30,60,10,70,80
"2021-12-29",40,90,20,100,50,30,60,10,70,80
"2021-12-30",30,90,20,100,60,40,50,10,70,80
"2021-12-31",30,90,20,100,50,40,60,10,70,80
"2022-01-01",30,90,20,100,50,40,60,10,70,80
"2022-01-02",30,90,20,100,50,40,60,10,70,80
"2022-01-03",30,90,20,100,60,40,50,10,70,80
"2022-01-04",30,90,20,100,60,40,50,10,70,80
"2022-01-05",30,90,20,100,60,40,50,10,70,80
"2022-01-06",30,100,20,90,60,40,50,10,70,80
"2022-01-07",30,90,20,100,60,40,50,10,70,80
"2022-01-08",30,90,20,100,60,40,50,10,70,80
"2022-01-09",30,90,10,100,60,40,50,20,70,80
"2022-01-10",30,90,10,100,60,40,50,20,70,80
"2022-01-11",30,90,10,100,60,40,50,20,70,80
"2022-01-12",30,90,10,100,60,40,50,20,70,80
"2022-01-13",30,90,10,100,60,40,50,20,70,80
"2022-01-14",30,90,10,100,60,40,50,20,70,80
"2022-01-15",30,90,10,100,50,40,60,20,70,80
"2022-01-16",30,90,10,100,60,40,50,20,70,80
"2022-01-17",40,90,10,100,50,20,60,30,70,80
"2022-01-18",40,90,10,100,50,30,60,20,70,80
"2022-01-19",40,90,10,100,60,30,50,20,70,80
"2022-01-20",40,90,10,100,50,30,60,20,70,80
"2022-01-21",40,90,10,100,50,30,60,20,70,80
"2022-01-22",40,90,10,100,50,20,60,30,70,80
"2022-01-23",40,90,20,100,50,10,60,30,70,80
"2022-01-24",40,90,20,100,50,10,60,30,70,80
"2022-01-25",40,90,20,100,50,10,60,30,70,80
"2022-01-26",40,90,20,100,50,10,60,30,70,80
"2022-01-27",40,90,20,100,50,10,60,30,70,80
"2022-01-28",40,90,20,100,50,10,60,30,70,80
"2022-01-29",40,90,20,100,50,10,60,30,70,80
"2022-01-30",40,90,10,100,50,20,60,30,70,80
"2022-01-31",40,90,10,100,50,20,60,30,70,80
"2022-02-01",40,90,10,100,50,20,60,30,70,80
"2022-02-02",40,90,10,100,50,20,60,30,70,80
"2022-02-03",40,90,10,100,50,20,60,30,70,80
"2022-02-04",40,90,20,100,50,10,60,30,70,80
"2022-02-05",40,90,20,100,50,10,60,30,70,80
"2022-02-06",40,90,10,100,50,20,60,30,70,80
"2022-02-07",40,90,20,100,50,10,70,30,60,80
"2022-02-08",40,90,10,100,50,20,70,30,60,80
"2022-02-09",40,90,10,100,50,20,70,30,60,80
"2022-02-10",50,90,20,100,40,10,80,30,60,70
"2022-02-11",50,90,20,100,40,10,70,30,60,80
"2022-02-12",50,90,30,100,20,10,70,40,60,80
"2022-02-13",50,90,20,100,30,10,70,40,60,80
"2022-02-14",50,90,10,100,40,20,70,30,60,80
"2022-02-15",50,90,10,100,40,20,70,30,60,80
"2022-02-16",50,90,10,100,40,20,70,30,60,80
"2022-02-17",50,90,10,100,40,20,70,30,60,80
"2022-02-18",50,90,10,100,40,20,70,30,60,80
"2022-02-19",50,90,10,100,40,20,70,30,60,80
"2022-02-20",50,90,20,100,40,10,70,30,60,80
"2022-02-21",50,90,20,100,40,10,70,30,60,80
"2022-02-22",40,90,20,100,50,10,70,30,60,80
"2022-02-23",40,90,20,100,50,10,70,30,60,80
"2022-02-24",50,90,20,100,40,10,70,30,60,80
"2022-02-25",50,90,30,100,60,10,70,20,40,80
"2022-02-26",50,90,30,100,60,10,70,20,40,80
"2022-02-27",60,90,30,100,50,10,70,20,40,80
"2022-02-28",60,100,30,90,50,10,70,20,40,80
"2022-03-01",60,100,30,90,50,10,70,20,40,80
"2022-03-02",60,100,20,90,40,10,70,30,50,80
"2022-03-03",60,90,30,100,40,10,70,20,50,80
"2022-03-04",60,90,30,100,40,10,70,20,50,80
"2022-03-05",60,100,30,90,40,10,70,20,50,80
"2022-03-06",60,90,30,100,40,10,70,20,50,80
"2022-03-07",60,90,30,100,40,10,70,20,50,80
"2022-03-08",60,90,30,100,40,10,70,20,50,80
"2022-03-09",60,100,30,90,40,10,70,20,50,80
"2022-03-10",50,100,30,90,40,10,70,20,60,80
"2022-03-11",50,100,30,90,40,10,70,20,60,80
"2022-03-12",50,100,30,90,40,10,70,20,60,80
"2022-03-13",50,100,30,90,40,10,70,20,60,80
"2022-03-14",50,100,30,90,40,10,70,20,60,80
"2022-03-15",50,100,30,90,40,10,70,20,60,80
"2022-03-16",60,100,30,90,40,10,70,20,50,80
"2022-03-17",60,100,30,90,40,10,70,20,50,80
"2022-03-18",60,100,30,90,40,10,70,20,50,80
"2022-03-19",60,100,40,90,30,10,70,20,50,80
"2022-03-20",50,100,30,90,40,10,70,20,60,80
"2022-03-21",50,100,30,90,40,10,70,20,60,80
"2022-03-22",50,100,30,90,40,10,70,20,60,80
"2022-03-23",50,100,30,90,40,10,70,20,60,80
"2022-03-24",40,100,30,90,50,10,70,20,60,80
"2022-03-25",50,100,30,90,40,10,70,20,60,80
"2022-03-26",40,100,30,90,50,10,70,20,60,80
"2022-03-27",50,100,30,90,40,10,70,20,60,80
"2022-03-28",50,100,40,90,30,10,70,20,60,80
"2022-03-29",50,100,40,90,20,10,70,30,60,80
"2022-03-30",50,100,40,90,30,10,70,20,60,80
"2022-03-31",50,100,40,90,30,10,70,20,60,80
"2022-04-01",50,100,30,90,40,10,70,20,60,80
"2022-04-02",50,100,30,90,40,10,70,20,60,80
"2022-04-03",50,100,30,90,40,10,70,20,60,80
"2022-04-04",50,100,30,90,40,10,70,20,60,80
"2022-04-05",50,100,30,90,40,10,70,20,60,80
"2022-04-06",50,100,30,90,40,10,70,20,60,80
"2022-04-07",50,90,30,100,40,10,70,20,60,80
"2022-04-08",50,100,30,90,40,10,70,20,60,80
"2022-04-09",50,100,30,90,40,10,70,20,60,80
"2022-04-10",50,100,20,90,40,30,70,10,60,80
"2022-04-11",50,90,30,100,40,20,70,10,60,80
"2022-04-12",50,90,30,100,40,10,70,20,60,80
"2022-04-13",50,100,30,90,40,10,70,20,60,80
"2022-04-14",50,100,30,90,40,10,70,20,60,80
"2022-04-15",50,100,30,90,40,10,70,20,60,80
"2022-04-16",50,100,10,90,40,20,70,30,60,80
"2022-04-17",50,100,10,90,40,20,70,30,60,80
"2022-04-18",50,90,10,100,40,20,70,30,60,80
"2022-04-19",50,90,10,100,40,20,70,30,60,80
"2022-04-20",50,90,10,100,40,20,70,30,60,80
"2022-04-21",50,90,10,100,40,20,70,30,60,80
"2022-04-22",50,80,10,100,40,20,70,30,60,90
"2022-04-23",60,80,10,100,40,20,70,30,50,90
"2022-04-24",50,80,10,100,40,20,70,30,60,90
"2022-04-25",50,80,10,100,40,20,70,30,60,90
"2022-04-26",60,80,10,90,40,20,70,30,50,100
"2022-04-27",60,90,20,80,40,10,70,30,50,100
"2022-04-28",60,90,10,80,40,20,70,30,50,100
"2022-04-29",60,90,20,80,40,10,70,30,50,100
"2022-04-30",60,100,10,80,40,20,70,30,50,90
"2022-05-01",60,90,20,80,40,10,70,30,50,100
"2022-05-02",60,90,20,80,40,10,70,30,50,100
"2022-05-03",60,100,20,80,40,10,70,30,50,90
"2022-05-04",60,90,20,80,40,10,70,30,50,100
"2022-05-05",60,100,10,80,40,20,70,30,50,90
"2022-05-06",60,100,10,80,40,20,70,30,50,90
"2022-05-07",60,100,10,80,50,20,70,30,40,90
"2022-05-08",60,100,10,80,50,20,70,30,40,90
"2022-05-09",60,100,10,80,50,20,70,30,40,90
"2022-05-10",60,100,10,80,50,20,70,30,40,90
"2022-05-11",70,100,10,80,50,20,60,30,40,90
"2022-05-12",80,100,20,70,50,10,60,30,40,90
"2022-05-13",70,100,10,80,50,20,60,30,40,90
"2022-05-14",80,100,20,60,50,10,70,30,40,90
"2022-05-15",80,100,10,60,50,20,70,30,40,90
"2022-05-16",80,100,10,60,50,20,70,30,40,90
"2022-05-17",80,100,10,60,50,20,70,30,40,90
"2022-05-18",80,100,20,50,60,10,70,30,40,90
"2022-05-19",70,100,20,50,60,10,80,40,30,90
"2022-05-20",80,90,20,50,60,10,70,40,30,100
"2022-05-21",70,90,20,50,60,10,80,40,30,100
"2022-05-22",70,90,10,60,50,20,80,40,30,100
"2022-05-23",70,100,10,60,50,20,80,40,30,90
"2022-05-24",80,100,10,50,60,20,70,40,30,90
"2022-05-25",80,100,20,40,60,10,70,50,30,90
"2022-05-26",80,100,20,40,60,10,70,50,30,90
"2022-05-27",80,100,20,40,60,10,70,50,30,90
"2022-05-28",80,100,20,40,60,10,70,50,30,90
"2022-05-29",80,100,20,40,60,10,70,50,30,90
"2022-05-30",80,90,20,30,60,10,70,50,40,100
"2022-05-31",80,90,20,30,60,10,70,50,40,100
"2022-06-01",80,90,20,40,60,10,70,50,30,100
"2022-06-02",80,90,20,50,60,10,70,40,30,100
"2022-06-03",80,90,20,40,60,10,70,50,30,100
"2022-06-04",80,90,20,50,60,10,70,40,30,100
"2022-06-05",80,90,10,50,60,20,70,40,30,100
"2022-06-06",80,90,10,50,60,20,70,40,30,100
"2022-06-07",80,90,10,50,60,20,70,40,30,100
"2022-06-08",80,90,10,50,60,20,70,30,40,100
"2022-06-09",80,90,10,60,40,30,70,20,50,100
"2022-06-10",80,90,10,60,40,30,70,20,50,100
"2022-06-11",80,90,10,60,40,30,70,20,50,100
"2022-06-12",80,90,10,60,40,20,70,30,50,100
"2022-06-13",80,90,10,50,40,20,70,30,60,100
"2022-06-14",80,90,10,30,50,40,70,20,60,100
"2022-06-15",80,90,10,20,50,30,70,40,60,100
"2022-06-16",80,90,10,20,50,40,70,30,60,100
"2022-06-17",80,90,10,20,50,30,70,40,60,100
"2022-06-18",80,90,10,20,40,30,70,50,60,100
"2022-06-19",80,90,10,20,40,30,70,60,50,100
"2022-06-20",80,90,10,20,50,30,70,40,60,100
"2022-06-21",80,90,10,20,60,30,70,50,40,100
"2022-06-22",80,90,10,50,40,20,70,60,30,100
"2022-06-23",80,90,10,60,40,20,70,50,30,100
"2022-06-24",70,90,10,60,40,30,80,50,20,100
"2022-06-25",70,90,10,60,40,30,80,50,20,100
"2022-06-26",70,90,10,60,40,30,80,50,20,100
"2022-06-27",70,90,10,60,40,20,80,50,30,100
"2022-06-28",80,90,10,60,40,20,70,50,30,100
"2022-06-29",80,90,10,60,30,20,70,50,40,100
"2022-06-30",80,90,10,60,40,20,70,50,30,100
"2022-07-01",80,90,10,60,40,20,70,50,30,100
"2022-07-02",80,90,10,60,40,30,70,50,20,100
"2022-07-03",80,90,10,60,40,30,70,50,20,100
"2022-07-04",80,90,10,60,50,30,70,40,20,100
"2022-07-05",80,90,10,60,40,30,70,50,20,100
"2022-07-06",80,90,10,60,40,20,70,50,30,100
"2022-07-07",80,90,10,60,40,20,70,50,30,100
"2022-07-08",80,90,10,70,40,20,60,50,30,100
"2022-07-09",80,90,10,60,40,20,70,50,30,100
"2022-07-10",80,90,10,70,40,20,60,50,30,100
"2022-07-11",80,90,10,70,40,30,60,50,20,100
"2022-07-12",80,90,10,70,30,40,60,50,20,100
"2022-07-13",70,90,10,80,30,40,60,50,20,100
"2022-07-14",70,90,10,80,40,30,60,50,20,100
"2022-07-15",70,90,10,80,30,40,60,50,20,100
"2022-07-16",60,90,10,80,40,30,70,50,20,100
"2022-07-17",60,90,10,80,40,30,70,50,20,100
"2022-07-18",60,90,10,80,30,40,70,50,20,100
"2022-07-19",60,90,10,80,30,40,70,50,20,100
"2022-07-20",60,90,10,80,30,40,70,50,20,100
"2022-07-21",60,90,10,80,30,40,70,50,20,100
"2022-07-22",60,90,10,80,40,30,70,50,20,100
"2022-07-23",60,90,10,80,20,30,70,50,40,100
"2022-07-24",60,90,10,80,20,40,70,50,30,100
"2022-07-25",60,90,10,80,20,30,70,50,40,100
"2022-07-26",60,90,10,80,30,20,70,50,40,100
"2022-07-27",60,90,10,80,30,20,70,50,40,100
"2022-07-28",60,90,10,80,30,20,70,50,40,100
"2022-07-29",60,90,10,80,20,40,70,50,30,100
"2022-07-30",60,90,10,80,30,20,70,50,40,100
"2022-07-31",60,90,10,80,40,20,70,50,30,100
"2022-08-01",60,90,10,80,40,20,70,50,30,100
"2022-08-02",60,90,10,80,40,20,70,50,30,100
"2022-08-03",60,90,10,80,40,20,70,50,30,100
"2022-08-04",60,90,10,80,40,20,70,50,30,100
"2022-08-05",60,90,10,80,40,20,70,50,30,100
"2022-08-06",60,90,10,80,40,20,70,50,30,100
"2022-08-07",60,90,10,80,50,20,70,40,30,100
"2022-08-08",60,90,10,80,50,20,70,40,30,100
"2022-08-09",60,90,10,80,50,40,70,30,20,100
"2022-08-10",60,90,10,80,50,30,70,40,20,100
"2022-08-11",60,90,10,80,50,30,70,40,20,100
"2022-08-12",60,90,10,80,50,30,70,40,20,100
"2022-08-13",60,90,10,80,50,30,70,40,20,100
"2022-08-14",60,90,10,80,50,30,70,40,20,100
"2022-08-15",60,90,10,80,50,30,70,40,20,100
"2022-08-16",60,90,10,80,50,30,70,40,20,100
"2022-08-17",60,80,10,90,50,30,70,40,20,100
"2022-08-18",60,70,10,90,50,30,80,40,20,100
"2022-08-19",60,70,10,90,40,30,80,50,20,100
"2022-08-20",60,70,10,90,40,30,80,50,20,100
"2022-08-21",60,70,10,90,40,30,80,50,20,100
"2022-08-22",60,70,20,80,40,30,90,50,10,100
"2022-08-23",60,70,20,100,40,30,80,50,10,90
"2022-08-24",70,80,20,100,40,30,90,50,10,60
"2022-08-25",60,70,20,100,40,30,90,50,10,80
"2022-08-26",70,60,20,100,40,30,80,50,10,90
"2022-08-27",80,60,20,100,40,30,90,50,10,70
"2022-08-28",80,60,20,100,40,30,90,50,10,70
"2022-08-29",80,60,20,100,40,30,90,50,10,70
"2022-08-30",70,40,20,100,50,30,90,60,10,80
"2022-08-31",70,50,20,100,40,30,80,60,10,90
"2022-09-01",70,50,20,100,40,30,80,60,10,90
"2022-09-02",80,40,20,100,50,30,90,60,10,70
"2022-09-03",80,30,20,100,50,40,70,60,10,90
"2022-09-04",70,30,10,100,50,40,90,60,20,80
